{
	"jobName" : "Enemy Tactician",
	"spritePaths" : ["Resources/sprites/Tactician/TacticianRed.png",
					"Resources/sprites/Tactician/TacticianBlue.png",
					"Resources/sprites/Tactician/TacticianGreen.png",
					"Resources/sprites/Tactician/TacticianYellow.png",
					"Resources/sprites/Tactician/TacticianEnemy.png"],
	"statGrowths" : [30, 50, 50, 30, 30, 20, 20],
	"mounted" : 0,
	"movement" : 3,
	"weaponTypes" : [0, 1, 2, 3, 4, 5],
	"baseStats" : [15, 5, 5, 5, 5, 5, 5],
	"upgradeStage" : 0,
	"upgradeList": []
}