{
	"name" : "Simple Map",
	"tileNames" : ["Plains","Forest","River","Mountains","Ruins","Bridge","Heal Tile","Spikes"],
	"mapPath" : "/Resources/mapImages/SimpleMap2.png",
	"map" : [[3,3,3,3,2,0,0,0,0,0,0,0,0,0,0,0],
			 [3,3,3,0,2,0,0,0,0,0,0,0,0,0,0,0],
			 [3,0,0,0,0,2,0,0,0,0,0,0,0,0,0,0],
			 [0,0,0,0,0,2,2,0,0,1,1,0,0,0,0,1],
			 [0,0,0,0,0,0,2,0,1,0,1,1,1,1,1,1],
			 [0,0,0,0,0,0,0,2,0,0,0,0,0,0,0,0],
			 [0,0,0,0,0,0,0,2,0,0,0,0,0,0,0,0],
			 [0,0,0,0,0,0,0,5,0,0,0,0,0,0,0,0],
			 [0,0,0,0,0,0,0,2,0,0,0,0,0,0,0,0],
			 [0,0,0,0,0,0,0,2,0,0,0,0,0,0,0,0],
			 [0,0,0,0,0,0,0,2,0,0,0,0,0,0,0,0],
			 [0,0,0,0,0,0,0,2,0,0,0,0,0,0,0,0],
			 [0,0,0,0,0,0,0,2,0,0,0,0,7,0,7,0],
			 [4,0,4,0,0,0,0,2,0,0,0,7,0,0,0,7],
			 [0,6,0,0,0,0,0,2,2,2,2,0,0,0,0,0],
			 [4,0,4,0,0,0,0,2,2,2,2,2,0,0,0,0]],
	"mapStartPosX" : 550,
	"mapStartPosY" : 550,
	"tileSize" : 50,
	"redStartPos" : {
		"x" : 0,
		"y" : 3
	},
	"blueStartPos" : {
		"x" : 13,
		"y" : 14
	},
	"greenStartPos" : {
		"x" : 15,
		"y" : 0
	},
	"yellowStartPos" : {
		"x" : 1,
		"y" : 14
	}
}